machine_id,plant_id,machine_type,model,install_date,last_service_date,status,operational_hours,energy_consumption_kwh,location_zone
MCH-0374,PLT-01,CNC Mill,SIMOTION D,2021-05-02,2023-03-17,Active,33166,108.28,Zone-A
MCH-0409,PLT-07,Lathe,SIMOTION D,2022-12-14,2023-05-07,Idle,49030,15.54,Zone-C
MCH-0355,PLT-05,CNC Mill,SIRIUS 3RW,2019-01-15,2019-03-11,Under Maintenance,32722,34.68,Zone-A
MCH-0186,PLT-05,CNC Mill,SINAMICS G120,2019-03-22,2021-05-19,Active,21670,18.03,Zone-D
MCH-0394,PLT-10,Press,SIMATIC ET200,2019-03-21,2020-01-26,Active,35298,39.62,Zone-C
MCH-0225,PLT-02,Robotic Arm,SIMOTION D,2022-11-27,2023-09-03,Active,49849,91.25,Zone-D
MCH-0462,PLT-09,Lathe,SIMATIC ET200,2017-06-07,2018-02-20,Active,14900,63.11,Zone-A
MCH-0246,PLT-04,Lathe,SINAMICS G120,2018-07-10,2018-12-29,Active,45534,34.52,Zone-B
MCH-0006,PLT-03,CNC Mill,SIRIUS 3RW,2017-10-20,2019-12-13,Active,12352,34.18,Zone-C
MCH-0306,PLT-04,Robotic Arm,SIMATIC ET200,2022-09-05,2023-01-17,Active,46603,5.98,Zone-A
MCH-0276,PLT-03,CNC Mill,SIMOTION D,2023-08-26,2024-12-31,Idle,49022,65.24,Zone-C
MCH-0381,PLT-07,Lathe,SINUMERIK 840D,2015-02-08,2017-04-06,Active,43127,53.69,Zone-B
MCH-0430,PLT-06,Lathe,SIMATIC ET200,2022-09-25,2024-05-05,Active,26600,68.34,Zone-B
MCH-0460,PLT-09,Press,SIRIUS 3RW,2022-12-13,2023-04-11,Active,19894,98.2,Zone-A
MCH-0347,PLT-05,Press,SINUMERIK 840D,2022-05-20,2024-02-13,Decommissioned,22686,116.5,Zone-D
MCH-0395,PLT-08,Robotic Arm,Siemens S7-1500,2018-05-15,2019-08-20,Active,43511,92.12,Zone-A
MCH-0335,PLT-07,Inspection Bot,SIRIUS 3RW,2015-12-18,2016-02-18,Active,5786,54.07,Zone-B
MCH-0412,PLT-09,Lathe,SINAMICS G120,2022-10-01,2022-11-30,Decommissioned,49810,100.97,Zone-C
MCH-0117,PLT-03,Lathe,SIRIUS 3RW,2018-02-20,2018-06-25,Under Maintenance,6441,30.5,Zone-B
MCH-0102,PLT-02,Welding Unit,SIMOTION D,2020-08-11,2021-04-21,Active,44281,79.66,Zone-B
MCH-0002,PLT-07,Press,SINAMICS G120,2018-05-20,2019-11-18,Idle,15610,111.56,Zone-A
MCH-0448,PLT-04,Inspection Bot,Siemens S7-1500,2016-12-21,2018-09-28,Active,21228,90.22,Zone-A
MCH-0142,PLT-05,Welding Unit,SINUMERIK 840D,2021-05-08,2021-07-04,Under Maintenance,15496,51.45,Zone-A
MCH-0069,PLT-08,Inspection Bot,SIMOTION D,2020-09-26,2022-05-23,Active,20420,114.55,Zone-A
MCH-0239,PLT-02,Robotic Arm,SIRIUS 3RW,2019-10-15,2020-06-04,Under Maintenance,26825,50.2,Zone-A
MCH-0357,PLT-09,Inspection Bot,SIMATIC ET200,2016-01-06,2018-02-07,Under Maintenance,21676,84.41,Zone-D
MCH-0202,PLT-07,Conveyor,SINUMERIK 840D,2016-12-08,2018-11-03,Active,29717,43.84,Zone-D
MCH-0078,PLT-05,Conveyor,SIMATIC ET200,2021-04-28,2023-05-16,Idle,29200,96.75,Zone-D
MCH-0338,PLT-01,Press,SIMOTION D,2022-07-12,2024-02-20,Idle,48048,41.12,Zone-D
MCH-0247,PLT-01,Inspection Bot,SINAMICS G120,2021-03-13,2022-06-15,Active,46633,21.9,Zone-C
MCH-0226,PLT-10,Lathe,SIRIUS 3RW,2023-11-08,2024-07-20,Active,44934,117.39,Zone-C
MCH-0209,PLT-01,Welding Unit,SIMATIC ET200,2016-10-21,2018-02-22,Idle,28849,89.85,Zone-D
MCH-0028,PLT-01,Welding Unit,SIRIUS 3RW,2023-08-13,2024-12-31,Decommissioned,12401,46.67,Zone-D
MCH-0038,PLT-01,Robotic Arm,SINUMERIK 840D,2022-12-12,2023-10-22,Active,40149,6.37,Zone-B
MCH-0351,PLT-03,Lathe,Siemens S7-1500,2016-06-01,2018-10-07,Active,45516,104.57,Zone-A
MCH-0161,PLT-03,Inspection Bot,SINAMICS G120,2022-06-07,2022-07-13,Under Maintenance,46039,112.31,Zone-C
MCH-0356,PLT-04,Inspection Bot,SIMOTION D,2017-03-04,2019-05-20,Active,44433,8.87,Zone-A
MCH-0500,PLT-05,Conveyor,SIMATIC ET200,2023-01-23,2024-12-31,Decommissioned,2327,5.06,Zone-A
MCH-0054,PLT-03,Lathe,SINUMERIK 840D,2023-11-13,2024-05-24,Idle,23221,39.02,Zone-C
MCH-0060,PLT-10,Press,SIRIUS 3RW,2022-12-06,2024-12-19,Idle,10876,18.76,Zone-C
MCH-0245,PLT-09,Robotic Arm,SINUMERIK 840D,2021-08-01,2022-08-14,Under Maintenance,1111,6.63,Zone-C
MCH-0388,PLT-06,Welding Unit,SIRIUS 3RW,2019-09-03,2020-07-13,Active,27662,24.38,Zone-D
MCH-0229,PLT-08,Robotic Arm,SINUMERIK 840D,2016-03-12,2016-11-17,Idle,21305,71.67,Zone-A
MCH-0471,PLT-04,Robotic Arm,SIRIUS 3RW,2022-10-16,2024-12-31,Active,35275,23.05,Zone-C
MCH-0149,PLT-01,CNC Mill,SIMATIC ET200,2020-02-09,2021-02-17,Active,35785,35.8,Zone-C
MCH-0281,PLT-08,Welding Unit,Siemens S7-1500,2015-09-24,2016-02-05,Under Maintenance,32890,93.3,Zone-B
MCH-0307,PLT-07,Inspection Bot,SIMATIC ET200,2023-05-26,2023-09-27,Active,38867,61.64,Zone-D
MCH-0143,PLT-09,Lathe,SINAMICS G120,2021-10-29,2022-12-22,Active,21360,101.97,Zone-A
MCH-0334,PLT-10,Lathe,SINAMICS G120,2017-09-24,2018-01-31,Decommissioned,26642,12.4,Zone-C
MCH-0013,PLT-06,Robotic Arm,Siemens S7-1500,2021-05-10,2022-06-11,Under Maintenance,936,55.21,Zone-D
MCH-0242,PLT-05,Robotic Arm,Siemens S7-1500,2023-02-23,2024-12-31,Active,22755,40.25,Zone-D
MCH-0255,PLT-02,Press,SINUMERIK 840D,2019-04-06,2020-04-22,Idle,30465,118.85,Zone-A
MCH-0445,PLT-04,Lathe,SIRIUS 3RW,2018-06-03,2020-03-12,Active,37857,75.36,Zone-D
MCH-0353,PLT-04,CNC Mill,SIRIUS 3RW,2023-10-12,2024-08-07,Active,26580,67.55,Zone-D
MCH-0021,PLT-06,Conveyor,SINUMERIK 840D,2017-09-28,2020-02-01,Active,13131,34.66,Zone-C
MCH-0235,PLT-01,Press,SIMOTION D,2017-09-12,2017-11-25,Active,6774,27.6,Zone-C
MCH-0383,PLT-07,Robotic Arm,SIMATIC ET200,2022-01-11,2024-02-27,Active,29723,21.35,Zone-C
MCH-0428,PLT-04,Inspection Bot,Siemens S7-1500,2021-05-19,2022-10-01,Active,2604,97.13,Zone-D
MCH-0061,PLT-07,CNC Mill,SINAMICS G120,2017-11-01,2019-06-03,Active,38188,58.03,Zone-B
MCH-0024,PLT-07,Conveyor,SIMOTION D,2021-02-26,2021-08-02,Idle,41299,24.65,Zone-B
MCH-0217,PLT-01,Press,SIRIUS 3RW,2016-11-10,2018-01-01,Active,47388,108.22,Zone-C
MCH-0035,PLT-08,Welding Unit,Siemens S7-1500,2017-11-27,2018-03-17,Active,27204,25.32,Zone-D
MCH-0279,PLT-03,Lathe,SIRIUS 3RW,2020-05-27,2022-01-12,Active,36248,69.05,Zone-D
MCH-0496,PLT-02,Lathe,SINUMERIK 840D,2019-03-18,2020-02-11,Active,13241,15.55,Zone-A
MCH-0196,PLT-06,Welding Unit,SIMOTION D,2020-10-23,2023-03-21,Active,37189,34.46,Zone-C
MCH-0055,PLT-05,Welding Unit,SINAMICS G120,2017-03-02,2018-12-25,Active,41666,10.56,Zone-A
MCH-0405,PLT-01,Robotic Arm,SIMATIC ET200,2021-04-19,2022-05-24,Active,27758,47.81,Zone-D
MCH-0128,PLT-07,Welding Unit,SIRIUS 3RW,2020-06-24,2021-02-05,Under Maintenance,34729,22.04,Zone-D
MCH-0152,PLT-01,Press,SIRIUS 3RW,2017-02-16,2019-03-09,Active,33714,85.27,Zone-C
MCH-0218,PLT-03,Welding Unit,SIMATIC ET200,2021-08-03,2021-11-12,Under Maintenance,14684,34.61,Zone-A
MCH-0317,PLT-07,Robotic Arm,SIMOTION D,2018-01-10,2018-03-27,Active,18876,76.52,Zone-A
MCH-0122,PLT-02,Robotic Arm,SINAMICS G120,2017-09-15,2019-08-23,Idle,32581,85.48,Zone-D
MCH-0008,PLT-06,Lathe,Siemens S7-1500,2015-10-02,2017-12-31,Under Maintenance,23548,113.78,Zone-A
MCH-0070,PLT-05,Lathe,SINAMICS G120,2016-11-30,2017-10-22,Idle,31623,35.4,Zone-A
MCH-0380,PLT-05,Conveyor,SINAMICS G120,2023-11-29,2024-03-19,Active,18333,110.54,Zone-B
MCH-0100,PLT-09,Press,Siemens S7-1500,2017-11-23,2018-04-05,Active,20598,106.06,Zone-B
MCH-0190,PLT-09,Robotic Arm,SIMATIC ET200,2021-12-25,2023-02-17,Active,35980,41.31,Zone-D
MCH-0360,PLT-04,Lathe,SINUMERIK 840D,2020-06-09,2021-10-16,Active,25681,53.32,Zone-B
MCH-0259,PLT-04,Press,SIRIUS 3RW,2023-08-26,2024-12-31,Under Maintenance,11937,33.22,Zone-C
MCH-0016,PLT-08,Robotic Arm,SIMOTION D,2023-04-20,2024-12-31,Active,46566,11.39,Zone-D
MCH-0134,PLT-05,Lathe,SIMATIC ET200,2020-12-19,2022-01-26,Active,25601,91.74,Zone-A
MCH-0497,PLT-07,Robotic Arm,SIMATIC ET200,2020-07-27,2021-02-08,Decommissioned,30956,24.58,Zone-D
MCH-0131,PLT-05,CNC Mill,SIRIUS 3RW,2018-05-13,2019-06-10,Active,18764,38.24,Zone-C
MCH-0110,PLT-03,Lathe,SIMOTION D,2016-08-30,2017-05-01,Active,4775,34.54,Zone-C
MCH-0449,PLT-09,CNC Mill,Siemens S7-1500,2023-05-03,2024-12-31,Under Maintenance,37924,7.99,Zone-B
MCH-0327,PLT-04,Conveyor,SINUMERIK 840D,2016-01-30,2016-11-28,Active,38178,10.98,Zone-A
MCH-0280,PLT-07,Press,Siemens S7-1500,2016-06-20,2018-07-08,Active,10838,6.33,Zone-C
MCH-0490,PLT-08,CNC Mill,Siemens S7-1500,2023-05-05,2024-12-31,Idle,21302,80.04,Zone-C
MCH-0121,PLT-09,Welding Unit,SINAMICS G120,2017-11-08,2019-10-02,Active,37272,32.41,Zone-B
MCH-0404,PLT-05,Inspection Bot,SINUMERIK 840D,2015-10-29,2016-02-09,Decommissioned,27814,117.93,Zone-B
MCH-0418,PLT-07,Robotic Arm,SIMOTION D,2020-07-02,2022-04-16,Under Maintenance,40531,79.92,Zone-B
MCH-0174,PLT-07,Robotic Arm,SINUMERIK 840D,2018-02-04,2019-12-16,Active,10421,105.76,Zone-D
MCH-0456,PLT-04,CNC Mill,SIMATIC ET200,2022-02-24,2022-09-17,Active,37225,14.97,Zone-D
MCH-0116,PLT-07,Robotic Arm,SIMATIC ET200,2023-10-04,2024-12-31,Active,17307,81.71,Zone-B
MCH-0422,PLT-01,CNC Mill,SINUMERIK 840D,2019-04-12,2020-01-17,Active,46305,102.26,Zone-D
MCH-0156,PLT-10,CNC Mill,SIMATIC ET200,2017-10-29,2018-05-14,Active,11777,24.58,Zone-D
MCH-0293,PLT-08,Lathe,SIMOTION D,2016-07-21,2017-12-06,Active,4819,44.25,Zone-D
MCH-0153,PLT-06,Robotic Arm,SIMOTION D,2023-08-12,2024-06-13,Active,8000,10.9,Zone-D
MCH-0204,PLT-02,CNC Mill,SIRIUS 3RW,2016-03-02,2018-01-16,Active,45624,107.98,Zone-B
MCH-0427,PLT-09,Welding Unit,SIRIUS 3RW,2019-06-07,2021-06-10,Idle,40524,49.59,Zone-D
MCH-0210,PLT-04,Press,SIRIUS 3RW,2019-10-25,2020-07-05,Active,22635,37.91,Zone-D
MCH-0417,PLT-09,CNC Mill,Siemens S7-1500,2020-06-03,2022-06-04,Idle,36477,107.15,Zone-D
MCH-0295,PLT-01,Welding Unit,SIMOTION D,2019-12-06,2022-03-01,Idle,40930,81.03,Zone-A
MCH-0396,PLT-08,Inspection Bot,SIRIUS 3RW,2015-09-29,2017-12-31,Active,3224,52.83,Zone-A
MCH-0485,PLT-06,Conveyor,SINUMERIK 840D,2022-06-12,2022-09-07,Active,34164,73.0,Zone-D
MCH-0206,PLT-09,CNC Mill,Siemens S7-1500,2022-11-29,2023-08-20,Under Maintenance,20803,65.04,Zone-C
MCH-0361,PLT-06,Press,SIMATIC ET200,2016-02-22,2016-04-24,Active,40824,86.8,Zone-D
MCH-0402,PLT-02,Robotic Arm,Siemens S7-1500,2023-05-19,2024-05-06,Active,35710,15.65,Zone-B
MCH-0273,PLT-04,Robotic Arm,SIRIUS 3RW,2017-05-22,2018-03-22,Decommissioned,38205,45.14,Zone-C
MCH-0389,PLT-05,Inspection Bot,SINAMICS G120,2016-02-16,2016-05-23,Idle,35099,119.13,Zone-B
MCH-0064,PLT-07,CNC Mill,SINUMERIK 840D,2020-05-09,2021-01-10,Active,12173,75.95,Zone-D
MCH-0289,PLT-01,CNC Mill,SINUMERIK 840D,2019-05-02,2020-04-18,Active,24013,18.77,Zone-A
MCH-0213,PLT-07,Inspection Bot,SINAMICS G120,2018-02-01,2020-01-03,Active,14282,47.1,Zone-B
MCH-0107,PLT-04,Conveyor,SINAMICS G120,2015-01-26,2016-04-05,Active,33930,92.67,Zone-B
MCH-0348,PLT-06,Conveyor,SIRIUS 3RW,2015-12-12,2017-04-24,Active,22020,73.09,Zone-C
MCH-0321,PLT-09,Press,SIMATIC ET200,2020-05-25,2020-11-17,Active,44436,111.66,Zone-C
MCH-0003,PLT-04,Robotic Arm,SIRIUS 3RW,2016-06-18,2017-04-15,Idle,17156,89.13,Zone-D
MCH-0461,PLT-08,Conveyor,SINUMERIK 840D,2019-08-22,2020-02-10,Idle,27431,80.65,Zone-B
MCH-0240,PLT-05,CNC Mill,SIMOTION D,2020-10-09,2021-07-18,Active,1732,47.52,Zone-B
MCH-0154,PLT-02,CNC Mill,SIMATIC ET200,2017-08-22,2019-10-23,Active,35742,16.04,Zone-A
MCH-0109,PLT-09,Lathe,SINAMICS G120,2020-11-22,2022-07-19,Active,16466,117.97,Zone-A
MCH-0489,PLT-10,Welding Unit,SINAMICS G120,2017-07-23,2019-02-24,Under Maintenance,42177,86.91,Zone-B
MCH-0454,PLT-03,CNC Mill,SINAMICS G120,2022-11-28,2023-09-23,Idle,11660,24.45,Zone-B
MCH-0498,PLT-01,Lathe,SINUMERIK 840D,2018-12-04,2021-02-05,Active,41516,84.82,Zone-C
MCH-0473,PLT-10,Welding Unit,SINAMICS G120,2023-10-31,2024-12-31,Active,16142,76.28,Zone-A
MCH-0291,PLT-09,Welding Unit,SIMATIC ET200,2015-07-14,2016-10-24,Active,29406,89.73,Zone-D
MCH-0275,PLT-07,Welding Unit,SIRIUS 3RW,2015-03-30,2016-12-16,Idle,23004,44.5,Zone-D
MCH-0178,PLT-06,Welding Unit,SINAMICS G120,2021-12-04,2023-02-15,Active,8907,27.52,Zone-D
MCH-0163,PLT-01,Robotic Arm,SINUMERIK 840D,2019-09-28,2020-06-08,Idle,14399,60.47,Zone-A
MCH-0342,PLT-06,Conveyor,SIMATIC ET200,2020-01-08,2020-06-27,Active,31333,14.12,Zone-B
MCH-0267,PLT-10,Conveyor,SINUMERIK 840D,2015-05-14,2016-10-30,Active,19685,22.23,Zone-A
MCH-0266,PLT-01,Lathe,Siemens S7-1500,2019-07-01,2019-09-17,Decommissioned,27290,62.5,Zone-D
MCH-0339,PLT-02,Lathe,SINAMICS G120,2016-04-09,2018-02-10,Active,49355,103.69,Zone-D
MCH-0147,PLT-08,Press,Siemens S7-1500,2022-08-01,2023-02-10,Active,2060,7.94,Zone-C
MCH-0164,PLT-07,Robotic Arm,SIRIUS 3RW,2017-09-15,2020-01-04,Active,9334,19.12,Zone-B
MCH-0362,PLT-07,Robotic Arm,SINAMICS G120,2022-03-14,2023-06-19,Under Maintenance,1491,103.89,Zone-D
MCH-0120,PLT-09,CNC Mill,SINUMERIK 840D,2021-06-01,2023-03-03,Under Maintenance,37794,66.76,Zone-A
MCH-0274,PLT-04,Conveyor,SIRIUS 3RW,2016-07-31,2016-11-03,Active,3098,13.08,Zone-B
MCH-0410,PLT-02,CNC Mill,SIMATIC ET200,2022-03-26,2023-05-24,Under Maintenance,36275,84.13,Zone-C
MCH-0305,PLT-08,Conveyor,SIMATIC ET200,2015-12-30,2017-02-22,Active,44645,71.93,Zone-D
MCH-0183,PLT-10,Robotic Arm,Siemens S7-1500,2016-02-29,2017-11-30,Idle,36146,42.02,Zone-A
MCH-0261,PLT-02,CNC Mill,SINUMERIK 840D,2019-11-14,2021-06-07,Under Maintenance,31890,47.3,Zone-C
MCH-0072,PLT-05,Robotic Arm,Siemens S7-1500,2021-07-31,2022-05-14,Active,40669,107.68,Zone-B
MCH-0286,PLT-09,Press,SIRIUS 3RW,2018-07-02,2020-02-18,Active,20074,86.6,Zone-C
MCH-0264,PLT-06,Lathe,SINUMERIK 840D,2016-02-12,2016-03-24,Active,5140,99.35,Zone-C
MCH-0074,PLT-06,CNC Mill,SIMATIC ET200,2020-07-19,2022-08-26,Active,46527,98.45,Zone-D
MCH-0155,PLT-08,Robotic Arm,SINUMERIK 840D,2022-02-25,2022-07-22,Active,37744,103.34,Zone-B
MCH-0243,PLT-06,Welding Unit,Siemens S7-1500,2017-04-04,2019-04-02,Active,46464,87.32,Zone-D
MCH-0125,PLT-07,Lathe,SIMATIC ET200,2016-08-24,2018-03-26,Active,36820,89.84,Zone-C
MCH-0271,PLT-03,Press,SIRIUS 3RW,2017-09-29,2018-07-29,Decommissioned,14365,91.48,Zone-D
MCH-0340,PLT-07,Welding Unit,SIMATIC ET200,2021-09-20,2023-12-16,Idle,7807,12.4,Zone-C
MCH-0364,PLT-03,Press,SINAMICS G120,2018-01-27,2018-06-20,Active,34022,104.54,Zone-D
MCH-0494,PLT-08,Welding Unit,Siemens S7-1500,2016-09-14,2018-01-21,Active,40885,7.63,Zone-D
MCH-0299,PLT-03,Robotic Arm,Siemens S7-1500,2021-10-06,2023-11-14,Under Maintenance,42712,81.81,Zone-A
MCH-0369,PLT-09,CNC Mill,SINAMICS G120,2020-08-22,2022-09-27,Active,40675,109.5,Zone-D
MCH-0082,PLT-05,CNC Mill,SIRIUS 3RW,2015-04-27,2016-02-20,Active,45365,18.99,Zone-C
MCH-0051,PLT-09,Press,SIRIUS 3RW,2019-10-06,2021-12-24,Active,43129,97.21,Zone-A
MCH-0294,PLT-02,Conveyor,SINUMERIK 840D,2021-10-19,2022-05-19,Active,28156,31.98,Zone-A
MCH-0091,PLT-02,Conveyor,SIRIUS 3RW,2022-07-07,2024-01-07,Idle,47831,68.41,Zone-C
MCH-0419,PLT-09,Welding Unit,SINUMERIK 840D,2019-01-13,2020-11-13,Active,28441,91.92,Zone-B
MCH-0180,PLT-09,Press,SIRIUS 3RW,2016-06-22,2017-05-23,Under Maintenance,23862,110.98,Zone-C
MCH-0096,PLT-10,Welding Unit,SIMOTION D,2018-01-09,2020-06-18,Active,13538,42.64,Zone-A
MCH-0009,PLT-08,Welding Unit,SIMOTION D,2022-12-07,2024-10-21,Idle,22825,70.83,Zone-A
MCH-0172,PLT-04,CNC Mill,SINAMICS G120,2018-06-17,2019-12-18,Idle,41411,38.01,Zone-A
MCH-0129,PLT-04,Robotic Arm,SIRIUS 3RW,2023-09-02,2024-03-06,Idle,24921,31.24,Zone-C
MCH-0025,PLT-08,Press,SIMOTION D,2018-12-06,2020-01-22,Active,4943,32.08,Zone-C
MCH-0416,PLT-10,Robotic Arm,SINAMICS G120,2016-08-23,2017-03-06,Active,4286,55.88,Zone-D
MCH-0446,PLT-10,Welding Unit,SINAMICS G120,2019-01-06,2020-08-10,Idle,23836,52.89,Zone-A
MCH-0010,PLT-10,Lathe,SIMATIC ET200,2019-01-25,2021-05-01,Under Maintenance,17216,28.32,Zone-C
MCH-0368,PLT-09,CNC Mill,SINUMERIK 840D,2016-09-26,2018-04-22,Active,607,49.97,Zone-C
MCH-0228,PLT-02,CNC Mill,Siemens S7-1500,2017-04-26,2017-05-26,Active,40073,17.55,Zone-C
MCH-0493,PLT-01,Press,SINAMICS G120,2023-04-03,2024-12-31,Active,45298,40.48,Zone-B
MCH-0470,PLT-10,Press,SINAMICS G120,2019-12-26,2020-12-21,Active,40508,32.85,Zone-B
MCH-0401,PLT-06,Press,SINUMERIK 840D,2019-10-23,2021-04-05,Active,39094,69.84,Zone-D
MCH-0431,PLT-10,Press,Siemens S7-1500,2016-04-02,2017-05-08,Active,30208,10.34,Zone-D
MCH-0184,PLT-02,Inspection Bot,SIRIUS 3RW,2023-11-12,2024-12-31,Active,19237,35.74,Zone-D
MCH-0297,PLT-10,Robotic Arm,SIRIUS 3RW,2015-09-09,2016-08-18,Active,48117,74.9,Zone-B
MCH-0400,PLT-02,Inspection Bot,SINUMERIK 840D,2019-08-14,2020-05-15,Decommissioned,5733,81.7,Zone-C
MCH-0030,PLT-04,Lathe,Siemens S7-1500,2022-07-15,2023-04-17,Active,27487,76.91,Zone-A
MCH-0169,PLT-01,Press,SIRIUS 3RW,2018-09-02,2018-12-21,Active,34576,31.14,Zone-D
MCH-0049,PLT-07,Robotic Arm,SIRIUS 3RW,2022-04-29,2023-10-08,Decommissioned,48652,14.63,Zone-B
MCH-0346,PLT-07,CNC Mill,SIMATIC ET200,2018-05-09,2020-09-20,Idle,23709,61.12,Zone-C
MCH-0474,PLT-05,Conveyor,SIMOTION D,2019-06-10,2019-09-18,Active,21316,62.71,Zone-B
MCH-0332,PLT-06,Conveyor,SIMATIC ET200,2022-11-26,2024-12-31,Decommissioned,8462,9.81,Zone-A
MCH-0298,PLT-03,Welding Unit,SIMOTION D,2020-10-15,2022-05-13,Active,46566,104.47,Zone-A
MCH-0063,PLT-04,Welding Unit,SINAMICS G120,2016-07-17,2016-12-22,Idle,2344,41.06,Zone-D
MCH-0026,PLT-09,Welding Unit,SINAMICS G120,2015-01-23,2016-12-28,Active,29011,22.66,Zone-B
MCH-0123,PLT-01,Robotic Arm,SIMOTION D,2017-04-27,2018-12-10,Active,40972,109.38,Zone-C
MCH-0001,PLT-06,Lathe,SINAMICS G120,2023-01-31,2024-08-23,Under Maintenance,7061,54.52,Zone-C
MCH-0066,PLT-06,CNC Mill,SINAMICS G120,2021-02-05,2022-11-18,Idle,17562,49.67,Zone-C
MCH-0170,PLT-02,Welding Unit,SIMATIC ET200,2017-09-26,2018-05-30,Idle,38609,58.5,Zone-B
MCH-0434,PLT-09,Welding Unit,SIRIUS 3RW,2019-03-10,2021-05-21,Active,16305,35.04,Zone-C
MCH-0457,PLT-07,CNC Mill,SINUMERIK 840D,2017-07-11,2019-07-17,Active,16392,86.78,Zone-A
MCH-0308,PLT-04,CNC Mill,SINAMICS G120,2017-10-14,2018-06-06,Active,20658,6.8,Zone-D
MCH-0011,PLT-09,Welding Unit,SIMATIC ET200,2020-12-07,2023-01-06,Active,46373,47.94,Zone-D
MCH-0004,PLT-07,Welding Unit,SINUMERIK 840D,2022-02-03,2023-01-18,Idle,12317,55.27,Zone-B
MCH-0158,PLT-10,Lathe,SINUMERIK 840D,2023-11-28,2024-12-31,Idle,48647,59.06,Zone-B
MCH-0384,PLT-02,Lathe,SINAMICS G120,2019-01-09,2020-12-26,Active,29134,92.37,Zone-B
MCH-0037,PLT-03,Robotic Arm,SIMOTION D,2020-06-04,2022-04-30,Idle,20216,41.01,Zone-A
MCH-0359,PLT-09,Press,SIMATIC ET200,2016-02-27,2017-04-14,Idle,28362,33.28,Zone-D
MCH-0265,PLT-10,CNC Mill,SINUMERIK 840D,2022-03-28,2023-08-02,Active,48516,61.48,Zone-A
MCH-0111,PLT-01,Press,SIRIUS 3RW,2022-03-07,2022-08-07,Active,9157,32.56,Zone-C
MCH-0221,PLT-09,Lathe,SINAMICS G120,2022-07-31,2023-04-17,Active,28122,97.42,Zone-D
MCH-0453,PLT-02,Conveyor,SIMOTION D,2016-05-16,2016-08-19,Active,20731,108.96,Zone-D
MCH-0237,PLT-09,Lathe,Siemens S7-1500,2023-12-21,2024-12-31,Under Maintenance,37853,102.56,Zone-B
MCH-0257,PLT-07,Conveyor,SIMOTION D,2021-01-20,2022-10-14,Active,10408,66.79,Zone-B
MCH-0014,PLT-07,CNC Mill,SINUMERIK 840D,2023-04-29,2024-12-31,Active,6574,61.03,Zone-C
MCH-0326,PLT-04,Press,Siemens S7-1500,2015-07-26,2017-08-18,Active,4202,34.8,Zone-B
MCH-0444,PLT-10,Welding Unit,SINAMICS G120,2017-06-30,2019-05-07,Active,14493,12.46,Zone-D
MCH-0468,PLT-10,Lathe,SIMATIC ET200,2021-03-01,2021-05-30,Active,22753,113.27,Zone-D
MCH-0337,PLT-07,Robotic Arm,SIMATIC ET200,2020-12-06,2021-12-09,Active,29460,16.48,Zone-C
MCH-0053,PLT-05,Welding Unit,SIRIUS 3RW,2023-01-29,2024-08-07,Active,30691,89.26,Zone-A
MCH-0167,PLT-03,Conveyor,SIMOTION D,2021-02-04,2021-11-04,Decommissioned,1357,86.08,Zone-B
MCH-0375,PLT-03,CNC Mill,SIRIUS 3RW,2020-03-15,2021-08-24,Active,1234,80.12,Zone-D
MCH-0386,PLT-05,Lathe,SINAMICS G120,2015-03-17,2015-08-29,Active,45343,60.54,Zone-C
MCH-0048,PLT-10,Conveyor,SINUMERIK 840D,2017-12-18,2019-05-16,Active,7162,39.11,Zone-D
MCH-0429,PLT-08,Lathe,SIMATIC ET200,2021-03-26,2021-12-29,Active,8883,41.94,Zone-D
MCH-0097,PLT-01,Robotic Arm,Siemens S7-1500,2018-10-04,2019-12-24,Under Maintenance,19849,5.29,Zone-D
MCH-0397,PLT-02,Robotic Arm,SIMATIC ET200,2015-01-29,2015-09-10,Active,24009,90.49,Zone-B
MCH-0012,PLT-05,Inspection Bot,Siemens S7-1500,2019-11-22,2021-10-26,Active,4710,77.21,Zone-A
MCH-0191,PLT-10,Conveyor,SINUMERIK 840D,2020-10-20,2021-11-16,Active,7584,101.28,Zone-C
MCH-0495,PLT-01,Welding Unit,SINAMICS G120,2019-12-22,2021-03-29,Active,22964,14.91,Zone-D
MCH-0260,PLT-02,CNC Mill,SIMOTION D,2015-01-13,2016-06-04,Active,45570,71.16,Zone-D
MCH-0220,PLT-07,Lathe,Siemens S7-1500,2020-04-14,2020-07-08,Active,36169,27.26,Zone-D
MCH-0047,PLT-06,Inspection Bot,Siemens S7-1500,2022-04-01,2024-03-20,Active,23316,114.3,Zone-C
MCH-0041,PLT-09,Lathe,SINUMERIK 840D,2018-01-10,2018-05-20,Idle,4715,28.86,Zone-C
MCH-0203,PLT-04,Robotic Arm,SIMATIC ET200,2017-12-06,2019-02-21,Active,11342,102.74,Zone-D
MCH-0333,PLT-05,Inspection Bot,SIMATIC ET200,2019-12-13,2022-04-10,Active,24855,49.89,Zone-A
MCH-0459,PLT-07,Robotic Arm,SIMOTION D,2020-07-12,2020-11-30,Under Maintenance,42169,60.23,Zone-A
MCH-0057,PLT-08,Welding Unit,SIMOTION D,2016-01-21,2016-09-01,Idle,15458,25.59,Zone-C
MCH-0330,PLT-08,Lathe,SIMOTION D,2018-03-30,2019-07-05,Active,31959,63.11,Zone-C
MCH-0231,PLT-01,CNC Mill,SIRIUS 3RW,2017-11-01,2018-06-06,Active,31777,96.57,Zone-C
MCH-0420,PLT-09,Welding Unit,SINUMERIK 840D,2023-09-16,2024-12-31,Active,18707,45.12,Zone-B
MCH-0015,PLT-02,Lathe,SINAMICS G120,2018-06-14,2018-09-29,Active,1851,23.04,Zone-B
MCH-0244,PLT-06,Lathe,SINUMERIK 840D,2023-01-28,2024-05-25,Active,642,48.43,Zone-A
MCH-0018,PLT-02,Lathe,SIMATIC ET200,2022-04-04,2024-08-08,Active,24945,82.5,Zone-C
MCH-0413,PLT-07,Robotic Arm,Siemens S7-1500,2023-08-23,2024-12-31,Active,36691,16.58,Zone-C
MCH-0314,PLT-08,CNC Mill,SINUMERIK 840D,2019-08-15,2019-12-23,Active,39742,26.56,Zone-D
MCH-0278,PLT-07,Press,SINUMERIK 840D,2021-07-28,2023-06-25,Active,4904,6.04,Zone-C
MCH-0311,PLT-05,Lathe,SIRIUS 3RW,2020-06-22,2022-01-26,Under Maintenance,36989,51.1,Zone-B
MCH-0023,PLT-09,Welding Unit,Siemens S7-1500,2019-04-12,2021-09-14,Active,45669,26.55,Zone-D
MCH-0093,PLT-07,Welding Unit,SIMOTION D,2015-01-13,2015-02-27,Active,27718,99.97,Zone-C
MCH-0188,PLT-06,CNC Mill,SINAMICS G120,2019-10-16,2022-04-02,Active,27670,29.61,Zone-A
MCH-0230,PLT-10,Welding Unit,Siemens S7-1500,2023-02-11,2023-11-10,Active,15000,29.82,Zone-A
MCH-0108,PLT-08,Welding Unit,SINUMERIK 840D,2019-01-28,2019-08-16,Idle,41493,74.86,Zone-C
MCH-0344,PLT-08,Robotic Arm,Siemens S7-1500,2019-05-16,2020-10-19,Active,47259,90.91,Zone-B
MCH-0005,PLT-09,CNC Mill,SIRIUS 3RW,2022-05-25,2023-01-28,Active,25191,50.95,Zone-D
MCH-0343,PLT-01,Robotic Arm,Siemens S7-1500,2021-01-26,2021-04-26,Active,18676,11.5,Zone-B
MCH-0290,PLT-09,Robotic Arm,SIMATIC ET200,2021-06-29,2022-01-13,Idle,3518,77.27,Zone-D
MCH-0140,PLT-01,Robotic Arm,SIMATIC ET200,2023-12-27,2024-12-31,Active,31787,13.54,Zone-D
MCH-0067,PLT-08,Robotic Arm,SIMATIC ET200,2016-01-26,2017-03-30,Active,29141,49.5,Zone-B
MCH-0216,PLT-02,Lathe,SINAMICS G120,2016-12-16,2017-10-13,Under Maintenance,29117,84.29,Zone-A
MCH-0477,PLT-06,Robotic Arm,SINUMERIK 840D,2021-04-05,2023-07-16,Under Maintenance,14248,118.12,Zone-C
MCH-0223,PLT-04,CNC Mill,SIMOTION D,2023-05-11,2024-09-17,Idle,8524,45.52,Zone-D
MCH-0130,PLT-03,CNC Mill,SINUMERIK 840D,2017-05-03,2018-08-09,Active,45358,29.09,Zone-A
MCH-0442,PLT-08,Press,SIMATIC ET200,2022-09-30,2024-11-16,Active,45790,112.93,Zone-A
MCH-0208,PLT-04,Lathe,Siemens S7-1500,2023-01-04,2024-08-25,Active,38542,66.91,Zone-B
MCH-0316,PLT-04,Conveyor,SIMOTION D,2018-05-16,2020-04-22,Active,23760,71.89,Zone-B
MCH-0036,PLT-05,Inspection Bot,SIRIUS 3RW,2016-05-16,2016-11-20,Idle,10492,98.42,Zone-C
MCH-0076,PLT-05,Inspection Bot,SIMATIC ET200,2021-03-02,2022-01-29,Idle,2849,41.52,Zone-B
MCH-0310,PLT-08,Robotic Arm,SINUMERIK 840D,2015-02-21,2015-05-24,Active,11263,67.9,Zone-A
MCH-0377,PLT-06,CNC Mill,SINAMICS G120,2023-01-10,2023-04-08,Under Maintenance,36392,96.09,Zone-C
MCH-0499,PLT-03,Robotic Arm,SIRIUS 3RW,2020-02-29,2020-05-20,Under Maintenance,13341,14.13,Zone-B
MCH-0323,PLT-10,CNC Mill,SINAMICS G120,2017-05-15,2019-02-02,Active,6047,114.91,Zone-A
MCH-0189,PLT-08,Press,SINUMERIK 840D,2016-07-20,2018-01-15,Idle,41120,90.15,Zone-A
MCH-0135,PLT-06,Inspection Bot,Siemens S7-1500,2016-10-16,2018-04-19,Active,624,20.24,Zone-D
MCH-0452,PLT-05,CNC Mill,SIMATIC ET200,2017-06-28,2017-10-18,Active,34684,25.4,Zone-A
MCH-0113,PLT-10,Lathe,SINUMERIK 840D,2015-06-24,2016-01-30,Active,28796,94.22,Zone-B
MCH-0045,PLT-05,Lathe,SINUMERIK 840D,2021-03-17,2022-12-16,Active,29010,62.22,Zone-D
MCH-0391,PLT-10,CNC Mill,SIRIUS 3RW,2019-02-17,2020-05-05,Active,14264,91.04,Zone-D
MCH-0424,PLT-04,Lathe,SIMOTION D,2017-06-24,2018-04-02,Active,47527,42.7,Zone-C
MCH-0042,PLT-03,Robotic Arm,Siemens S7-1500,2019-03-08,2019-05-17,Active,14309,36.79,Zone-C
MCH-0438,PLT-09,Inspection Bot,SIMATIC ET200,2018-03-02,2019-06-04,Active,5523,94.93,Zone-C
MCH-0486,PLT-10,Press,SIRIUS 3RW,2016-06-15,2018-03-04,Active,39481,71.48,Zone-D
MCH-0080,PLT-08,CNC Mill,SIRIUS 3RW,2019-05-03,2020-12-31,Active,22795,18.47,Zone-D
MCH-0179,PLT-09,Welding Unit,SIMOTION D,2015-07-15,2017-01-30,Idle,12239,56.99,Zone-A
MCH-0288,PLT-09,Lathe,Siemens S7-1500,2023-05-23,2024-05-10,Active,34248,84.57,Zone-A
MCH-0463,PLT-01,Lathe,SIRIUS 3RW,2020-05-01,2020-12-26,Under Maintenance,2252,53.13,Zone-A
MCH-0367,PLT-05,Press,SINAMICS G120,2022-02-19,2022-12-17,Under Maintenance,4231,79.52,Zone-B
MCH-0214,PLT-02,Welding Unit,SIMATIC ET200,2021-08-06,2022-10-15,Under Maintenance,34939,33.53,Zone-C
MCH-0455,PLT-04,Press,SINUMERIK 840D,2015-01-31,2015-07-14,Active,36468,78.22,Zone-B
MCH-0464,PLT-08,Welding Unit,SINUMERIK 840D,2022-09-26,2024-09-12,Active,40800,93.03,Zone-C
MCH-0301,PLT-04,Press,Siemens S7-1500,2020-02-13,2022-01-03,Active,48817,77.71,Zone-A
MCH-0481,PLT-05,Conveyor,SINUMERIK 840D,2015-05-14,2016-04-15,Under Maintenance,15143,99.68,Zone-D
MCH-0105,PLT-10,Conveyor,SIMATIC ET200,2022-08-03,2024-10-10,Active,6409,53.92,Zone-B
MCH-0354,PLT-04,Conveyor,SIMOTION D,2017-10-17,2018-03-31,Active,11732,98.77,Zone-C
MCH-0336,PLT-07,Robotic Arm,SIMOTION D,2022-04-12,2022-07-21,Active,20254,30.3,Zone-A
MCH-0068,PLT-10,Inspection Bot,SIMATIC ET200,2019-02-19,2020-04-02,Active,45746,36.84,Zone-C
MCH-0248,PLT-09,Inspection Bot,SIMATIC ET200,2022-01-17,2022-12-04,Idle,13175,37.69,Zone-C
MCH-0263,PLT-01,CNC Mill,SIMOTION D,2020-11-18,2022-03-11,Active,9031,104.16,Zone-A
MCH-0112,PLT-05,Lathe,Siemens S7-1500,2022-04-23,2024-09-22,Active,24435,65.03,Zone-C
MCH-0165,PLT-04,CNC Mill,SIRIUS 3RW,2020-08-28,2021-08-02,Active,18788,54.03,Zone-C
MCH-0483,PLT-02,Conveyor,SINUMERIK 840D,2019-04-05,2021-01-20,Decommissioned,7043,60.45,Zone-B
MCH-0322,PLT-10,Press,Siemens S7-1500,2020-05-23,2022-09-26,Decommissioned,5143,66.63,Zone-C
MCH-0046,PLT-03,Robotic Arm,SINUMERIK 840D,2022-08-12,2024-07-11,Active,17726,61.94,Zone-D
MCH-0399,PLT-09,Lathe,SIMOTION D,2016-09-23,2019-02-06,Active,11002,33.11,Zone-C
MCH-0371,PLT-09,Conveyor,SIMOTION D,2021-04-01,2022-11-19,Active,40463,41.7,Zone-C
MCH-0195,PLT-08,CNC Mill,Siemens S7-1500,2016-10-24,2018-12-23,Active,43476,103.56,Zone-B
MCH-0252,PLT-06,CNC Mill,SIRIUS 3RW,2015-06-17,2016-04-30,Active,8214,35.43,Zone-B
MCH-0234,PLT-02,CNC Mill,SIMOTION D,2022-12-13,2023-12-29,Under Maintenance,42184,17.46,Zone-D
MCH-0027,PLT-06,Lathe,Siemens S7-1500,2016-07-18,2018-01-16,Idle,37398,90.57,Zone-B
MCH-0032,PLT-06,Lathe,SINUMERIK 840D,2017-05-04,2019-10-17,Idle,2701,18.4,Zone-D
MCH-0432,PLT-10,Press,SINUMERIK 840D,2018-04-18,2018-07-09,Active,2916,10.46,Zone-A
MCH-0491,PLT-03,Welding Unit,SIRIUS 3RW,2018-06-07,2020-04-16,Active,36965,48.94,Zone-D
MCH-0478,PLT-06,Press,SIRIUS 3RW,2016-08-27,2016-09-29,Active,11824,7.23,Zone-C
MCH-0382,PLT-06,CNC Mill,SINAMICS G120,2017-03-13,2017-08-23,Active,14189,10.84,Zone-C
MCH-0171,PLT-09,Press,SIRIUS 3RW,2020-11-27,2022-10-10,Active,45514,79.05,Zone-C
MCH-0022,PLT-01,CNC Mill,SINAMICS G120,2021-10-03,2022-04-16,Decommissioned,20551,98.59,Zone-A
MCH-0372,PLT-09,CNC Mill,Siemens S7-1500,2021-01-02,2023-03-02,Active,16084,20.21,Zone-C
MCH-0414,PLT-01,Welding Unit,SIMOTION D,2022-05-01,2023-12-16,Active,30963,21.74,Zone-D
MCH-0425,PLT-07,Welding Unit,SIRIUS 3RW,2020-08-10,2021-11-20,Active,48166,38.95,Zone-B
MCH-0423,PLT-05,Robotic Arm,SINAMICS G120,2015-08-07,2017-04-02,Under Maintenance,43528,15.34,Zone-C
MCH-0215,PLT-10,Conveyor,Siemens S7-1500,2020-06-24,2022-02-02,Idle,17811,43.68,Zone-C
MCH-0406,PLT-06,Conveyor,SIMOTION D,2019-03-20,2019-05-25,Active,4877,71.69,Zone-B
MCH-0148,PLT-05,Welding Unit,SINUMERIK 840D,2022-11-16,2024-12-31,Active,24028,89.56,Zone-D
MCH-0150,PLT-04,Press,Siemens S7-1500,2017-08-28,2019-05-16,Active,27091,20.35,Zone-A
MCH-0465,PLT-10,CNC Mill,SIMOTION D,2018-09-23,2020-05-10,Active,7432,112.34,Zone-C
MCH-0350,PLT-09,Robotic Arm,SIMOTION D,2017-12-22,2018-05-31,Active,46050,8.86,Zone-D
MCH-0387,PLT-10,Lathe,Siemens S7-1500,2019-05-26,2021-09-17,Active,12651,57.65,Zone-D
MCH-0300,PLT-05,Robotic Arm,Siemens S7-1500,2019-11-30,2020-02-08,Under Maintenance,43500,33.04,Zone-A
MCH-0421,PLT-01,Welding Unit,Siemens S7-1500,2019-12-05,2021-12-02,Decommissioned,16180,85.26,Zone-A
MCH-0407,PLT-04,Welding Unit,Siemens S7-1500,2017-11-07,2018-03-22,Active,16431,90.19,Zone-B
MCH-0437,PLT-07,Robotic Arm,SIMATIC ET200,2020-02-13,2021-03-11,Active,11688,26.7,Zone-A
MCH-0079,PLT-08,Inspection Bot,SINUMERIK 840D,2016-02-11,2018-05-19,Active,6304,95.33,Zone-B
MCH-0249,PLT-08,CNC Mill,SIRIUS 3RW,2020-08-31,2022-06-27,Active,33403,109.7,Zone-D
MCH-0058,PLT-06,Welding Unit,SINAMICS G120,2021-01-05,2023-03-13,Idle,28646,22.55,Zone-B
MCH-0033,PLT-05,CNC Mill,SIMATIC ET200,2020-11-19,2021-05-26,Idle,30935,44.53,Zone-D
MCH-0177,PLT-07,Robotic Arm,SIMOTION D,2015-03-24,2015-10-06,Decommissioned,21047,42.15,Zone-B
MCH-0119,PLT-04,CNC Mill,SIRIUS 3RW,2019-09-04,2020-10-29,Active,43977,65.31,Zone-A
MCH-0160,PLT-05,Press,SINUMERIK 840D,2017-08-01,2018-04-15,Under Maintenance,31977,59.99,Zone-C
MCH-0101,PLT-03,Robotic Arm,SIRIUS 3RW,2015-05-22,2017-10-04,Active,44667,39.48,Zone-D
MCH-0283,PLT-10,Robotic Arm,SINUMERIK 840D,2015-07-26,2016-12-08,Active,49198,61.73,Zone-A
MCH-0450,PLT-09,Press,SIMATIC ET200,2018-05-14,2019-04-21,Active,6451,95.04,Zone-D
MCH-0205,PLT-08,Welding Unit,SIMOTION D,2015-12-14,2016-09-02,Active,41514,55.95,Zone-C
MCH-0447,PLT-06,Inspection Bot,SIRIUS 3RW,2018-01-07,2019-12-13,Active,17904,69.77,Zone-D
MCH-0222,PLT-01,Inspection Bot,Siemens S7-1500,2022-01-24,2024-04-24,Active,27405,45.76,Zone-D
MCH-0315,PLT-09,Robotic Arm,SINUMERIK 840D,2023-04-18,2024-02-27,Active,25324,112.45,Zone-A
MCH-0467,PLT-03,Lathe,SIMOTION D,2020-09-09,2022-07-27,Active,20610,104.35,Zone-B
MCH-0050,PLT-05,Robotic Arm,SIMOTION D,2016-03-24,2017-06-06,Active,49255,25.69,Zone-D
MCH-0256,PLT-02,Welding Unit,Siemens S7-1500,2018-12-01,2020-11-25,Idle,21465,104.61,Zone-B
MCH-0393,PLT-06,CNC Mill,SIMATIC ET200,2018-10-31,2019-08-24,Active,23751,13.43,Zone-B
MCH-0320,PLT-03,Lathe,SINUMERIK 840D,2016-07-19,2017-02-16,Active,43958,18.33,Zone-A
MCH-0136,PLT-06,CNC Mill,SIMATIC ET200,2016-12-24,2018-09-09,Active,11656,19.95,Zone-D
MCH-0433,PLT-03,Conveyor,SIMOTION D,2016-08-01,2017-05-29,Under Maintenance,9185,116.08,Zone-D
MCH-0439,PLT-05,CNC Mill,SIMATIC ET200,2017-05-07,2017-07-15,Idle,35256,33.8,Zone-A
MCH-0137,PLT-10,CNC Mill,SINAMICS G120,2023-07-03,2024-12-31,Active,2298,28.98,Zone-D
MCH-0268,PLT-07,Welding Unit,SIMATIC ET200,2021-06-16,2022-07-04,Idle,22518,52.57,Zone-B
MCH-0092,PLT-04,CNC Mill,Siemens S7-1500,2016-11-26,2019-01-11,Active,3614,13.25,Zone-B
MCH-0197,PLT-04,Welding Unit,SIMATIC ET200,2019-07-31,2021-11-12,Under Maintenance,1414,6.23,Zone-B
MCH-0087,PLT-05,Press,Siemens S7-1500,2018-01-02,2019-03-02,Idle,24650,49.8,Zone-B
MCH-0043,PLT-06,Welding Unit,SIRIUS 3RW,2016-02-22,2018-03-18,Active,7433,66.89,Zone-D
MCH-0345,PLT-08,Robotic Arm,SINUMERIK 840D,2017-02-28,2019-04-05,Under Maintenance,42588,104.34,Zone-B
MCH-0258,PLT-08,Inspection Bot,SINUMERIK 840D,2022-06-30,2024-08-27,Active,5405,18.94,Zone-B
MCH-0176,PLT-03,Robotic Arm,SINUMERIK 840D,2022-09-28,2024-11-20,Active,18045,70.8,Zone-B
MCH-0198,PLT-09,Press,SINAMICS G120,2019-12-28,2021-12-13,Under Maintenance,32594,10.16,Zone-A
MCH-0201,PLT-05,CNC Mill,SIRIUS 3RW,2017-12-19,2018-08-07,Idle,48576,67.7,Zone-A
MCH-0277,PLT-04,Robotic Arm,SIMOTION D,2021-06-10,2021-09-19,Active,3158,103.69,Zone-D
MCH-0370,PLT-03,CNC Mill,SIMOTION D,2020-12-24,2021-12-27,Active,2824,32.75,Zone-D
MCH-0007,PLT-07,CNC Mill,SINUMERIK 840D,2018-11-22,2020-09-20,Active,13158,6.22,Zone-B
MCH-0224,PLT-03,Robotic Arm,SIMOTION D,2022-01-29,2023-01-15,Idle,46796,112.3,Zone-A
MCH-0488,PLT-09,Lathe,SINUMERIK 840D,2019-05-01,2021-04-09,Active,42963,40.07,Zone-D
MCH-0411,PLT-02,Lathe,SINAMICS G120,2019-09-08,2020-02-12,Under Maintenance,41271,20.12,Zone-A
MCH-0141,PLT-07,Inspection Bot,Siemens S7-1500,2015-06-19,2016-12-19,Active,38822,118.71,Zone-D
MCH-0376,PLT-03,Lathe,SIMATIC ET200,2020-05-08,2022-04-20,Under Maintenance,32347,19.36,Zone-B
MCH-0282,PLT-04,Lathe,SINUMERIK 840D,2015-05-25,2016-05-23,Active,28347,41.99,Zone-C
MCH-0185,PLT-09,Welding Unit,SINUMERIK 840D,2015-04-24,2015-10-01,Active,15673,99.34,Zone-C
MCH-0192,PLT-10,Lathe,Siemens S7-1500,2015-05-09,2016-08-11,Active,43898,69.55,Zone-D
MCH-0175,PLT-06,Inspection Bot,SIMATIC ET200,2019-04-04,2020-12-06,Idle,39498,35.06,Zone-D
MCH-0065,PLT-01,Press,SINUMERIK 840D,2023-06-18,2024-05-24,Idle,48099,13.9,Zone-B
MCH-0329,PLT-01,Robotic Arm,SIRIUS 3RW,2017-10-01,2018-08-20,Active,43168,55.81,Zone-B
MCH-0296,PLT-04,Robotic Arm,SINUMERIK 840D,2016-08-03,2017-04-05,Active,43635,37.29,Zone-B
MCH-0211,PLT-02,CNC Mill,Siemens S7-1500,2019-05-16,2020-08-28,Active,16434,42.29,Zone-B
MCH-0168,PLT-02,Robotic Arm,SINAMICS G120,2019-02-23,2021-06-06,Active,11137,97.39,Zone-C
MCH-0098,PLT-07,CNC Mill,SIMOTION D,2018-01-06,2019-10-19,Active,27823,30.23,Zone-A
MCH-0482,PLT-05,Lathe,SINAMICS G120,2015-04-24,2016-04-17,Active,46176,41.92,Zone-D
MCH-0056,PLT-01,CNC Mill,SIMATIC ET200,2019-10-23,2021-10-13,Active,21515,45.74,Zone-A
MCH-0349,PLT-04,Welding Unit,SIMOTION D,2020-05-01,2021-09-27,Under Maintenance,812,24.52,Zone-D
MCH-0103,PLT-05,Robotic Arm,SINUMERIK 840D,2015-07-07,2016-05-22,Under Maintenance,24000,33.56,Zone-A
MCH-0219,PLT-06,CNC Mill,Siemens S7-1500,2019-08-07,2021-02-14,Idle,16620,86.38,Zone-C
MCH-0151,PLT-01,CNC Mill,SIMOTION D,2018-05-10,2020-04-18,Decommissioned,39615,20.87,Zone-B
MCH-0085,PLT-06,Conveyor,SIMATIC ET200,2022-12-27,2024-10-21,Active,7659,93.15,Zone-B
MCH-0341,PLT-04,Inspection Bot,SIRIUS 3RW,2018-10-16,2019-02-18,Active,7214,100.49,Zone-A
MCH-0212,PLT-05,CNC Mill,SIMOTION D,2019-10-11,2020-07-07,Under Maintenance,39048,52.03,Zone-B
MCH-0044,PLT-05,CNC Mill,SIMATIC ET200,2022-01-10,2022-08-31,Idle,37596,72.07,Zone-B
MCH-0390,PLT-03,Lathe,SIRIUS 3RW,2018-02-10,2019-07-11,Under Maintenance,38183,104.06,Zone-D
MCH-0366,PLT-06,Conveyor,SIRIUS 3RW,2022-05-27,2023-08-24,Under Maintenance,3882,33.84,Zone-C
MCH-0124,PLT-05,Welding Unit,SIMOTION D,2019-01-30,2019-09-16,Active,44712,26.76,Zone-A
MCH-0358,PLT-09,Welding Unit,SIMOTION D,2016-01-14,2017-07-03,Active,26475,64.16,Zone-A
MCH-0090,PLT-05,Robotic Arm,SINAMICS G120,2017-06-02,2018-03-08,Idle,30895,29.17,Zone-D
MCH-0458,PLT-05,Robotic Arm,Siemens S7-1500,2015-10-31,2017-10-01,Active,7920,53.87,Zone-B
MCH-0476,PLT-03,Robotic Arm,SINAMICS G120,2022-10-05,2022-11-09,Active,31912,16.32,Zone-A
MCH-0139,PLT-08,Robotic Arm,SIRIUS 3RW,2023-02-24,2024-12-31,Active,46460,81.29,Zone-C
MCH-0251,PLT-06,Conveyor,SINUMERIK 840D,2016-05-23,2018-01-13,Active,40176,98.05,Zone-C
MCH-0475,PLT-09,Lathe,Siemens S7-1500,2021-01-10,2023-06-27,Active,36953,16.78,Zone-B
MCH-0104,PLT-02,Conveyor,SINAMICS G120,2022-08-27,2024-01-14,Idle,11675,113.35,Zone-D
MCH-0173,PLT-04,CNC Mill,SINUMERIK 840D,2015-07-30,2017-07-12,Under Maintenance,42348,116.2,Zone-A
MCH-0398,PLT-10,Robotic Arm,SIRIUS 3RW,2015-01-25,2016-05-22,Active,28325,108.99,Zone-C
MCH-0238,PLT-06,Conveyor,SIMOTION D,2020-04-05,2022-08-17,Idle,20831,101.23,Zone-C
MCH-0309,PLT-10,Lathe,SIMOTION D,2016-03-17,2017-08-25,Active,17530,84.09,Zone-A
MCH-0089,PLT-02,Robotic Arm,SIRIUS 3RW,2019-04-14,2020-02-19,Active,26311,115.26,Zone-C
MCH-0318,PLT-01,CNC Mill,SINAMICS G120,2015-05-15,2016-04-01,Active,20211,60.95,Zone-A
MCH-0253,PLT-10,Inspection Bot,SIMATIC ET200,2020-09-05,2021-07-10,Idle,7672,118.33,Zone-D
MCH-0094,PLT-03,Conveyor,SIMOTION D,2020-12-28,2022-01-05,Active,36615,103.62,Zone-C
MCH-0441,PLT-02,Lathe,SIMOTION D,2015-06-30,2016-06-21,Active,3656,117.82,Zone-B
MCH-0159,PLT-07,Lathe,Siemens S7-1500,2015-04-30,2016-01-21,Active,4918,79.98,Zone-C
MCH-0328,PLT-03,Inspection Bot,SIRIUS 3RW,2015-07-09,2016-07-11,Under Maintenance,37227,29.96,Zone-A
MCH-0241,PLT-03,Press,SINAMICS G120,2015-04-24,2016-07-22,Active,11911,12.34,Zone-A
MCH-0426,PLT-07,Conveyor,SIMOTION D,2021-06-09,2021-09-10,Active,49538,90.87,Zone-A
MCH-0040,PLT-05,CNC Mill,SINAMICS G120,2020-06-04,2021-01-31,Idle,12329,68.36,Zone-C
MCH-0062,PLT-02,Robotic Arm,SIMATIC ET200,2021-08-12,2021-09-17,Active,29914,52.02,Zone-A
MCH-0059,PLT-04,Robotic Arm,SIMOTION D,2023-01-30,2024-07-10,Under Maintenance,24099,51.14,Zone-C
MCH-0084,PLT-04,Inspection Bot,SINAMICS G120,2017-07-25,2018-10-12,Under Maintenance,30268,109.72,Zone-D
MCH-0162,PLT-08,Lathe,SIMATIC ET200,2021-12-29,2023-04-11,Idle,27721,112.7,Zone-B
MCH-0302,PLT-04,Welding Unit,SIMATIC ET200,2020-07-06,2020-12-21,Active,32408,29.87,Zone-B
MCH-0019,PLT-09,Welding Unit,Siemens S7-1500,2019-08-12,2020-03-15,Active,24023,13.0,Zone-A
MCH-0086,PLT-06,Conveyor,SIMOTION D,2018-10-03,2019-10-03,Active,45916,68.51,Zone-C
MCH-0088,PLT-03,Welding Unit,SIRIUS 3RW,2022-03-21,2024-06-07,Active,33012,24.38,Zone-C
MCH-0052,PLT-04,Welding Unit,SIRIUS 3RW,2020-05-23,2022-08-01,Active,40442,33.39,Zone-A
MCH-0484,PLT-06,Robotic Arm,Siemens S7-1500,2015-05-16,2016-01-30,Active,27113,119.42,Zone-A
MCH-0194,PLT-04,Welding Unit,SINAMICS G120,2020-12-29,2023-04-07,Active,46976,12.05,Zone-C
MCH-0385,PLT-06,Lathe,SINUMERIK 840D,2019-09-09,2019-11-09,Decommissioned,28827,56.86,Zone-A
MCH-0199,PLT-09,Welding Unit,Siemens S7-1500,2023-02-12,2024-12-31,Active,2604,110.34,Zone-A
MCH-0492,PLT-05,Welding Unit,SINAMICS G120,2019-02-12,2020-12-09,Under Maintenance,46859,82.19,Zone-C
MCH-0145,PLT-07,Welding Unit,SIMATIC ET200,2019-08-14,2021-11-06,Active,7175,6.87,Zone-B
MCH-0469,PLT-04,Robotic Arm,SIMOTION D,2015-07-13,2017-04-24,Active,44155,24.94,Zone-C
MCH-0106,PLT-02,Press,SIRIUS 3RW,2016-02-14,2016-05-31,Active,20424,60.66,Zone-A
MCH-0378,PLT-02,Robotic Arm,SIMOTION D,2022-09-06,2024-09-12,Under Maintenance,7728,116.43,Zone-A
MCH-0227,PLT-08,CNC Mill,SINUMERIK 840D,2021-11-01,2022-02-09,Idle,17055,36.84,Zone-D
MCH-0415,PLT-03,Welding Unit,SIRIUS 3RW,2020-08-31,2020-10-12,Active,11758,28.82,Zone-D
MCH-0262,PLT-07,CNC Mill,SINAMICS G120,2018-10-01,2020-01-04,Active,31105,104.04,Zone-D
MCH-0363,PLT-02,Conveyor,SINAMICS G120,2015-12-28,2017-01-31,Active,4844,68.4,Zone-D
MCH-0285,PLT-03,Press,SIMATIC ET200,2018-01-13,2020-02-06,Active,35599,35.84,Zone-D
MCH-0077,PLT-04,Inspection Bot,SIMATIC ET200,2016-08-13,2018-01-20,Active,16537,119.98,Zone-A
MCH-0324,PLT-01,Press,SINUMERIK 840D,2023-01-30,2024-11-14,Decommissioned,1363,25.73,Zone-C
MCH-0451,PLT-06,Robotic Arm,SIRIUS 3RW,2017-12-12,2018-07-16,Active,22444,77.28,Zone-D
MCH-0075,PLT-05,Welding Unit,Siemens S7-1500,2017-09-16,2020-01-10,Active,30006,77.23,Zone-D
MCH-0020,PLT-08,Welding Unit,Siemens S7-1500,2021-12-31,2024-01-18,Idle,3977,23.8,Zone-A
MCH-0115,PLT-06,Welding Unit,SIRIUS 3RW,2017-11-05,2019-06-27,Active,5885,81.66,Zone-A
MCH-0034,PLT-05,CNC Mill,SIMOTION D,2023-10-17,2024-12-31,Active,4344,95.91,Zone-C
MCH-0472,PLT-04,Inspection Bot,SINAMICS G120,2020-06-12,2022-06-19,Idle,24856,23.79,Zone-A
MCH-0436,PLT-01,Inspection Bot,SIRIUS 3RW,2016-03-25,2016-07-28,Decommissioned,1738,33.0,Zone-A
MCH-0073,PLT-02,Robotic Arm,SIMATIC ET200,2020-05-13,2022-04-22,Idle,25614,60.65,Zone-C
MCH-0144,PLT-07,Welding Unit,SINAMICS G120,2022-07-25,2023-12-21,Active,42617,11.07,Zone-B
MCH-0207,PLT-09,CNC Mill,SINUMERIK 840D,2021-09-21,2023-05-07,Active,24243,34.26,Zone-A
MCH-0269,PLT-09,Lathe,SIMOTION D,2019-02-13,2021-03-22,Active,39113,30.96,Zone-A
MCH-0017,PLT-04,Press,SINUMERIK 840D,2023-11-20,2024-12-31,Active,2805,56.13,Zone-B
MCH-0443,PLT-02,Welding Unit,SIMOTION D,2022-03-03,2022-10-02,Active,21970,50.33,Zone-D
MCH-0304,PLT-07,Inspection Bot,Siemens S7-1500,2021-04-23,2022-12-10,Active,30328,84.46,Zone-D
MCH-0270,PLT-09,Press,SINAMICS G120,2021-04-20,2023-06-29,Active,34892,109.78,Zone-D
MCH-0435,PLT-10,CNC Mill,SIMOTION D,2019-12-12,2020-03-03,Active,40714,20.47,Zone-C
MCH-0182,PLT-09,Inspection Bot,Siemens S7-1500,2016-03-27,2016-09-28,Active,6545,34.22,Zone-C
MCH-0319,PLT-03,CNC Mill,SINUMERIK 840D,2016-03-12,2016-08-10,Active,42275,50.75,Zone-B
MCH-0352,PLT-01,Inspection Bot,Siemens S7-1500,2017-06-26,2019-02-17,Active,23388,103.99,Zone-C
MCH-0373,PLT-08,Robotic Arm,Siemens S7-1500,2021-08-27,2023-06-08,Active,36616,58.61,Zone-D
MCH-0254,PLT-04,CNC Mill,Siemens S7-1500,2017-09-17,2018-08-17,Under Maintenance,26109,76.31,Zone-A
MCH-0181,PLT-01,Lathe,SINAMICS G120,2015-05-03,2017-01-24,Active,14865,67.94,Zone-A
MCH-0193,PLT-01,Welding Unit,SINUMERIK 840D,2017-02-14,2018-01-22,Active,39992,96.66,Zone-C
MCH-0114,PLT-10,Lathe,SIMATIC ET200,2019-04-10,2019-12-12,Under Maintenance,31767,104.3,Zone-B
MCH-0146,PLT-04,CNC Mill,SINAMICS G120,2016-04-29,2016-11-05,Active,23659,116.99,Zone-D
MCH-0331,PLT-07,Lathe,SINUMERIK 840D,2022-12-06,2024-07-23,Active,32400,81.5,Zone-C
MCH-0379,PLT-10,Press,Siemens S7-1500,2022-03-20,2023-12-18,Active,45424,105.57,Zone-B
MCH-0250,PLT-02,Lathe,Siemens S7-1500,2020-01-16,2020-07-09,Active,35858,28.06,Zone-B
MCH-0157,PLT-01,Lathe,SINAMICS G120,2018-03-20,2019-11-30,Active,38868,59.52,Zone-A
MCH-0095,PLT-07,Inspection Bot,SINUMERIK 840D,2018-07-19,2020-04-08,Under Maintenance,20685,6.19,Zone-B
MCH-0236,PLT-10,Robotic Arm,SIRIUS 3RW,2016-11-03,2017-03-06,Under Maintenance,37905,110.19,Zone-C
MCH-0127,PLT-01,CNC Mill,SIMATIC ET200,2021-03-29,2021-08-24,Active,20965,33.24,Zone-B
MCH-0187,PLT-04,CNC Mill,SINUMERIK 840D,2022-07-12,2024-06-14,Active,34430,85.3,Zone-A
MCH-0118,PLT-08,Robotic Arm,SIMOTION D,2017-10-18,2020-01-04,Active,22479,52.77,Zone-A
MCH-0292,PLT-10,Welding Unit,SINAMICS G120,2017-07-02,2018-12-10,Active,3884,117.54,Zone-B
MCH-0440,PLT-06,Inspection Bot,SINUMERIK 840D,2017-11-20,2020-04-29,Active,7948,88.15,Zone-B
MCH-0232,PLT-08,Lathe,Siemens S7-1500,2019-04-20,2019-09-13,Active,11938,83.42,Zone-A
MCH-0233,PLT-02,Press,SIMATIC ET200,2018-11-05,2019-09-04,Under Maintenance,33614,40.42,Zone-D
MCH-0480,PLT-09,Robotic Arm,Siemens S7-1500,2016-01-17,2018-02-28,Active,17690,36.48,Zone-D
MCH-0081,PLT-02,Lathe,SIRIUS 3RW,2018-08-26,2020-01-04,Idle,20987,104.84,Zone-B
MCH-0126,PLT-05,Robotic Arm,SIMOTION D,2017-01-06,2018-03-02,Idle,48179,57.31,Zone-D
MCH-0392,PLT-06,CNC Mill,SIMATIC ET200,2023-01-05,2023-12-25,Active,16144,114.97,Zone-D
MCH-0312,PLT-05,Welding Unit,SIMOTION D,2018-03-06,2019-08-17,Under Maintenance,49400,71.21,Zone-A
MCH-0071,PLT-05,CNC Mill,Siemens S7-1500,2015-06-24,2016-12-14,Idle,13730,111.52,Zone-A
MCH-0303,PLT-02,Lathe,SIRIUS 3RW,2018-06-22,2020-03-10,Active,22995,71.82,Zone-D
MCH-0313,PLT-01,Lathe,SINAMICS G120,2018-12-19,2019-06-13,Active,3589,47.57,Zone-C
MCH-0403,PLT-10,Welding Unit,SINUMERIK 840D,2016-11-04,2018-09-19,Active,25035,59.16,Zone-D
MCH-0039,PLT-08,Welding Unit,SIRIUS 3RW,2015-09-16,2017-05-26,Active,25072,34.65,Zone-A
MCH-0138,PLT-03,CNC Mill,SINAMICS G120,2019-05-23,2021-03-18,Active,41442,28.61,Zone-D
MCH-0166,PLT-01,CNC Mill,SINAMICS G120,2023-02-09,2024-12-12,Active,46639,92.81,Zone-B
MCH-0029,PLT-02,Robotic Arm,SIMATIC ET200,2020-10-26,2022-02-19,Under Maintenance,822,47.18,Zone-B
MCH-0133,PLT-03,Conveyor,SIRIUS 3RW,2020-11-28,2021-05-11,Active,18323,112.34,Zone-B
MCH-0487,PLT-01,Robotic Arm,Siemens S7-1500,2017-03-01,2019-07-02,Under Maintenance,1288,59.05,Zone-C
MCH-0272,PLT-08,Welding Unit,SINAMICS G120,2023-11-06,2024-12-31,Active,48086,37.71,Zone-B
MCH-0287,PLT-07,Inspection Bot,SIRIUS 3RW,2016-07-23,2017-02-16,Active,2173,109.21,Zone-C
MCH-0408,PLT-07,Lathe,SINAMICS G120,2021-05-02,2023-04-13,Active,24149,83.33,Zone-D
MCH-0031,PLT-02,CNC Mill,SIMOTION D,2021-09-07,2023-02-04,Under Maintenance,6417,79.09,Zone-C
MCH-0132,PLT-09,CNC Mill,Siemens S7-1500,2023-04-04,2024-06-11,Active,26333,41.99,Zone-A
MCH-0479,PLT-06,Lathe,SIMOTION D,2021-10-13,2024-02-10,Active,25935,7.18,Zone-C
MCH-0365,PLT-01,CNC Mill,SIRIUS 3RW,2015-10-01,2017-02-02,Idle,29642,23.06,Zone-D
MCH-0284,PLT-05,Inspection Bot,SIRIUS 3RW,2019-08-09,2021-03-28,Active,22632,81.2,Zone-D
MCH-0466,PLT-04,Welding Unit,SINUMERIK 840D,2017-05-01,2017-07-14,Active,7614,50.55,Zone-B
MCH-0325,PLT-01,Robotic Arm,SIRIUS 3RW,2023-11-05,2024-12-31,Under Maintenance,27153,58.69,Zone-B
MCH-0200,PLT-05,Robotic Arm,SIMOTION D,2021-01-15,2023-02-14,Idle,31213,50.13,Zone-D
MCH-0099,PLT-04,Welding Unit,SINAMICS G120,2022-12-06,2023-12-10,Active,27192,51.82,Zone-D
MCH-0083,PLT-02,Inspection Bot,SIRIUS 3RW,2015-10-10,2016-01-28,Active,32624,112.31,Zone-A
